filename,sentence,original_mp3
common_voice_ta_19083401.wav,அன்றுநீர் சொன்னபடி அவ்விரண்டு மூலிகையைச்,common_voice_ta_19083401.mp3
common_voice_ta_19083402.wav,என்பகைவன்; உன்னாசை என்றன் ஆசை!,common_voice_ta_19083402.mp3
common_voice_ta_19083403.wav,தொங்கும் நரம்பின் தூளே! இதைக்கேள்:,common_voice_ta_19083403.mp3
common_voice_ta_19083404.wav,சிவனென்றும் அரியென்றும் சித்தார்த்த னென்றும்,common_voice_ta_19083404.mp3
common_voice_ta_19083405.wav,முற்றும் அறிந்திடக் கூடுமென்றே - அவள்,common_voice_ta_19083405.mp3
common_voice_ta_19083461.wav,தெளிவளிக்க இருட்கதவை உடைத்தெறிந்தான் பரிதி!,common_voice_ta_19083461.mp3
common_voice_ta_19083462.wav,நாடி வந்து நடுவிற் படுத்தாள்.,common_voice_ta_19083462.mp3
common_voice_ta_19083463.wav,பேசவொண் ணாதவர் ஊரினில் துஷ்டர்,common_voice_ta_19083463.mp3
common_voice_ta_19083464.wav,படமெடுத்தாடும்; தமிழர் பங்கமெலாம் போமே!,common_voice_ta_19083464.mp3
common_voice_ta_19083465.wav,முட்டைபோல் உதடுகள் முன்னே தோன்ற,common_voice_ta_19083465.mp3
common_voice_ta_19083472.wav,பெண்ணுக் கிதுதகுமோ? வண்ணமலர்ச் சோலையிலே,common_voice_ta_19083472.mp3
common_voice_ta_19083477.wav,"தோகையவள் ""என்காதல் துரையே கேளாய்!",common_voice_ta_19083477.mp3
common_voice_ta_19083478.wav,கொள்ளை கொடுத்தனன் உள்ளத்தினை! - அவள்,common_voice_ta_19083478.mp3
common_voice_ta_19083479.wav,தெருவினிலேபனி என்றாள். ஆமென்று சொன்னேன்;,common_voice_ta_19083479.mp3
common_voice_ta_19083480.wav,என்னைமுடி சூடுகென்றார். உங்கட் கெல்லாம்,common_voice_ta_19083480.mp3
common_voice_ta_19083496.wav,"குவிந்த உன் உடற்சதையைப் - பல		2	0	thirties	male_masculine			ta	
e7f76d7dedd9e6999478ab1cec1f9fd0a4289101d39cb6281e0f7af8fd03a8054b7f9c84e5ac1fba4f1ea1daa88014e614c52b75ebb94547c09fddc0fbe9436c	common_voice_ta_19083497.mp3	073f560d2afe4eeba686e5ee08b518e1fd6cbbfbd3c5df754e78a72601429448	என்று கூறி எழுந்து போனான்!இனிதாய்ப் பகல்மணி பனிரண் டானது		2	0	thirties	male_masculine			ta	
e7f76d7dedd9e6999478ab1cec1f9fd0a4289101d39cb6281e0f7af8fd03a8054b7f9c84e5ac1fba4f1ea1daa88014e614c52b75ebb94547c09fddc0fbe9436c	common_voice_ta_19083498.mp3	08ebb36d98c5d37dc069d50dd2a1c172e8881984c1fd4eb1614d04649cdca1b6	அன்னையும் ஆசானும் ஆருயிரைக் காப்பானும்		2	0	thirties	male_masculine			ta	
e7f76d7dedd9e6999478ab1cec1f9fd0a4289101d39cb6281e0f7af8fd03a8054b7f9c84e5ac1fba4f1ea1daa88014e614c52b75ebb94547c09fddc0fbe9436c	common_voice_ta_19083499.mp3	0283838685b1a3e77b95cb9dc13de9e9ae1855b8828edcff44620e554d422541	சாய்ந்த பாலை நக்கித் தன்தலை		2	0	thirties	male_masculine			ta	
e7f76d7dedd9e6999478ab1cec1f9fd0a4289101d39cb6281e0f7af8fd03a8054b7f9c84e5ac1fba4f1ea1daa88014e614c52b75ebb94547c09fddc0fbe9436c	common_voice_ta_19083512.mp3	19c3b270889987b0c3c08e8595b1a2b5717afb3f544ce69f2048a63313c73388	காய்ச்சும் இரும்பிடை நீர்த்துளி ஆகக்		2	1	thirties	male_masculine			ta	
e7f76d7dedd9e6999478ab1cec1f9fd0a4289101d39cb6281e0f7af8fd03a8054b7f9c84e5ac1fba4f1ea1daa88014e614c52b75ebb94547c09fddc0fbe9436c	common_voice_ta_19083513.mp3	0f6dadec2194441575ccf23c4775fea378cec4112f9e85d5c27192d10a1f930d	பூச்சூடு கின்றார்; புறக்கணித் தார்எனை!		2	0	thirties	male_masculine			ta	
e7f76d7dedd9e6999478ab1cec1f9fd0a4289101d39cb6281e0f7af8fd03a8054b7f9c84e5ac1fba4f1ea1daa88014e614c52b75ebb94547c09fddc0fbe9436c	common_voice_ta_19083514.mp3	0aa4b4f9fcb90ae4c5202880876681acc2a59d8fc106f8dc2b8fc3ca0617d234	எங்கள் அண்ணன் ஏறி வந்த		2	0	thirties	male_masculine			ta	
e7f76d7dedd9e6999478ab1cec1f9fd0a4289101d39cb6281e0f7af8fd03a8054b7f9c84e5ac1fba4f1ea1daa88014e614c52b75ebb94547c09fddc0fbe9436c	common_voice_ta_19083515.mp3	122678ec1ee6c80f6f70cb4591171e64e532f87af26402902958c47bcf9bd397	வேரோடு பேர்த்துவர வேண்டுமே ஐயாவே!",common_voice_ta_19083496.mp3
common_voice_ta_19083931.wav,"படிமீது வாழாரோ?"" என்று சொல்லிப்",common_voice_ta_19083931.mp3
common_voice_ta_19083932.wav,ரொம்ப நல்ல பழக்கம்,common_voice_ta_19083932.mp3
common_voice_ta_19083933.wav,ஏற்பாடு செய்யவா என்று கேட்டாள்.,common_voice_ta_19083933.mp3
common_voice_ta_19083934.wav,சமுகத்தை நொந்தான்.,common_voice_ta_19083934.mp3
common_voice_ta_19083935.wav,சிரமமொடு தாளமெண்ணிப் போட்டியிலே பாட்டுச்,common_voice_ta_19083935.mp3
common_voice_ta_19083941.wav,புத்தமு தென்றனர்; கைத்தாள மிட்டனர்;,common_voice_ta_19083941.mp3
common_voice_ta_19083942.wav,இன்புற்றார் என்று மற்றோர்,common_voice_ta_19083942.mp3
common_voice_ta_19083945.wav,என்று கூப்பிட எண்ண வேண்டாம்.,common_voice_ta_19083945.mp3
common_voice_ta_19083956.wav,"சுடுவேன் பாரடா சுடுவேன்"" என்று",common_voice_ta_19083956.mp3
common_voice_ta_19083957.wav,ஏழு வயதே எழிற்கருங் கண்மலர்!,common_voice_ta_19083957.mp3
common_voice_ta_19083959.wav,தொல்லுலக மக்களெலாம் யுஒன்றேரு என்னும்,common_voice_ta_19083959.mp3
common_voice_ta_19083960.wav,வஞ்சி கவனித்தாள். சத்தம் வரும்வழியாய்,common_voice_ta_19083960.mp3
common_voice_ta_19083967.wav,இருளுக்குள் சித்திரத்தின் - திறன்,common_voice_ta_19083967.mp3
common_voice_ta_19083968.wav,இனித்தபுவி இயற்கையெழில் எல்லாம் கண்டேன்;,common_voice_ta_19083968.mp3
common_voice_ta_19083969.wav,கடல்மேல் எல்லாம் ஒளியாம்,common_voice_ta_19083969.mp3
common_voice_ta_19084087.wav,மாம்பிஞ்சி யுள்ளத்தின் பயனும் கண்டோ ம்!,common_voice_ta_19084087.mp3
common_voice_ta_19084088.wav,பொழிலிடை வண்டின் ஒலியும் - ஓடைப்,common_voice_ta_19084088.mp3
common_voice_ta_19084089.wav,"உட்கார்ந் திருப்பதையும், ஊர்மக்கள் செல்வதையும்",common_voice_ta_19084089.mp3
common_voice_ta_19084090.wav,ஆவி அடைந்தபயன் ஆட்சிநான் கொள்வதப்பா!,common_voice_ta_19084090.mp3
common_voice_ta_19084091.wav,தரையிற் படுத்தல் வேண்டும்,common_voice_ta_19084091.mp3
common_voice_ta_19084092.wav,புருவத்தை மேலேற்றி விழித்துச் சொல்வாள்:,common_voice_ta_19084092.mp3
common_voice_ta_19084093.wav,புறத்தூய்மை நீரான் அமையும் அகத்தூய்மை வாய்மையான் காணப்படும்.,common_voice_ta_19084093.mp3
common_voice_ta_19084095.wav,மன்னுடல்வெட் டப்படுமோர் மாப ழிக்கு,common_voice_ta_19084095.mp3
common_voice_ta_19084096.wav,வருவதும் போவதும் வழக்கந் தானே!,common_voice_ta_19084096.mp3
common_voice_ta_19084097.wav,இன்னறு நீர்க்கங்கை யாறெங்கள் யாறே,common_voice_ta_19084097.mp3
common_voice_ta_19084098.wav,அம்மட்டும் சொல்லத்தான் ஆயிற்றுக் குப்பனுக்கே.,common_voice_ta_19084098.mp3
common_voice_ta_19084100.wav,ஆதிமுதல் இந்தத் தேதி வரைக்கும்,common_voice_ta_19084100.mp3
common_voice_ta_19084101.wav,ஐயோ இது ஒரு பெரிய தலைவலி!,common_voice_ta_19084101.mp3
common_voice_ta_19136944.wav,வாழாமல் பெண்ணை வைத்துத் திரிய வேண்டாம்,common_voice_ta_19136944.mp3
common_voice_ta_19136945.wav,"இன்று நீங்கள் இலந்தை யூர்க்குச்		2	0					ta	
9e11d57260d179bad73da5710166e9550dea4910843bb4a6b6053b3449c2627bde22cc93415b4eed4bd000ca996d078278844323797ae8052441ebb40d777d84	common_voice_ta_19136946.mp3	2ecdb4ee32d9c6be82a67b40e165a64192989e5f86d928f1faa7b9ed3563caac	மாலைச் சுடரினில் மூழ்கும் - நல்ல		2	0					ta	
9e11d57260d179bad73da5710166e9550dea4910843bb4a6b6053b3449c2627bde22cc93415b4eed4bd000ca996d078278844323797ae8052441ebb40d777d84	common_voice_ta_19136947.mp3	266709ba90983b04ced2cdcfd70450dbdb281c1056253554574f08322259c620	பொருந்தட்டும்; பொதுமக்கள் ரத்தச் சேற்றை		2	0					ta	
9e11d57260d179bad73da5710166e9550dea4910843bb4a6b6053b3449c2627bde22cc93415b4eed4bd000ca996d078278844323797ae8052441ebb40d777d84	common_voice_ta_19136948.mp3	22ce2b6d6d24652f1e2bab8fb8ef3c078e5e7f21ae99cf2304995d880ae04570	பாவம் அந்தப் போலீஸ்காரர்		2	0					ta	
9f214ddae65a0f025633fb3702b753db8415c248ab4541c019e130f2c4971a8846283060bc679704d55394cef355eaf5b45bfae40fbccd57a71001351eb5d93e	common_voice_ta_27079164.mp3	17f13a4b05c559a01068ffbc69e97982be5e63e11aad18428823c6a704486b3b	அது எப்போது முதல் சரியாய் இல்லாமல் போக ஆரம்பித்தது?		3	0					ta	
9f214ddae65a0f025633fb3702b753db8415c248ab4541c019e130f2c4971a8846283060bc679704d55394cef355eaf5b45bfae40fbccd57a71001351eb5d93e	common_voice_ta_27079165.mp3	21b37eedf268c1e71a5cd7e583a4ce26b727dab719b1a85dcdf3e295af5496d3	சந்தன மரமே உயரமானது.		2	0					ta	
9f214ddae65a0f025633fb3702b753db8415c248ab4541c019e130f2c4971a8846283060bc679704d55394cef355eaf5b45bfae40fbccd57a71001351eb5d93e	common_voice_ta_27079166.mp3	21b5059ac261879756ebf735876d9821ffd6c090bbf957581740a359de1e1c4e	ஆனல் அரண்மனையில் வாழவேண்டியிருக்கிறதே அதற்கும் சொல்லுவேன், அரண்மனையிலுங்கூட நீ யோக்கியமாக வாழக்கூடும்.		2	0					ta	
9f214ddae65a0f025633fb3702b753db8415c248ab4541c019e130f2c4971a8846283060bc679704d55394cef355eaf5b45bfae40fbccd57a71001351eb5d93e	common_voice_ta_27079167.mp3	1e52135da08005cb42efa5ff29a20e82a667b55c811b6d87c0ccbbe65dde5bc4	இவ்விடம் அழகிய ஒரு காட்டின் நடுவில் அமைந்துள்ளது.		2	0					ta	
9f214ddae65a0f025633fb3702b753db8415c248ab4541c019e130f2c4971a8846283060bc679704d55394cef355eaf5b45bfae40fbccd57a71001351eb5d93e	common_voice_ta_27079168.mp3	20e0828c83cee77fa5c5804417f830a600cc598f09204989ea5dd6908152f71d	அங்கு பெரு உடையார் என்னும் பிரஹதீசுவரர் கோவில் கொள்கிறார்.		2	0					ta	
9f4757293d20f19c3eadeaae6c2129faa44f5febd6414edfd233181d93c18712a11fc0840f96cbcb1222284868623132ed6326a23ad1f31ea9d8ce368cc63bfd	common_voice_ta_27318896.mp3	26128ab117319397c0433a98f8411c2f081ff387337b0dcba05c03b4609d07c3	சும்மா பார்த்தேன் என்கிறான்.		2	0					ta	
9f4757293d20f19c3eadeaae6c2129faa44f5febd6414edfd233181d93c18712a11fc0840f96cbcb1222284868623132ed6326a23ad1f31ea9d8ce368cc63bfd	common_voice_ta_27318897.mp3	2a15b7e1c53c5a8310be4f0c6d8b480971907db26f9c84310ed944b1dd9e19aa	முதல் அத்தியாயத்தில், இவ்வுலகத்தில் அந்தணராதலும், அரசராதலும், வணிகராதலும், சூத்திரராதலும், மிலேச்சராதலும் பிறப்பினால் இல்லை குணம் செயல்களாலேயே வேறுபடுத்தப்பட்டனர்.		2	0					ta	
9f4757293d20f19c3eadeaae6c2129faa44f5febd6414edfd233181d93c18712a11fc0840f96cbcb1222284868623132ed6326a23ad1f31ea9d8ce368cc63bfd	common_voice_ta_27318898.mp3	2f9b886bd384337bb9a4e98771a330e59d23b367ef9b96a1eae0d5a7d467a750	இதில் எனதாருயிர் நண்பர், கதாநாயகியாகிய மோகினி வேடம் பூண்டனர்.		2	0					ta	
9f4757293d20f19c3eadeaae6c2129faa44f5febd6414edfd233181d93c18712a11fc0840f96cbcb1222284868623132ed6326a23ad1f31ea9d8ce368cc63bfd	common_voice_ta_27318900.mp3	2f6c207619f12da0abde0ce4e20c8fdb1eb84275f79a2abe7ecd8884b2c6fdf5	ஞானவாட்களாம் குணவரவைப் பாருங்கள், குணவரவைப் பாருங்கள்.		2	0					ta	
9f4757293d20f19c3eadeaae6c2129faa44f5febd6414edfd233181d93c18712a11fc0840f96cbcb1222284868623132ed6326a23ad1f31ea9d8ce368cc63bfd	common_voice_ta_27318901.mp3	2cb7fb3edd3605db4adba03794ea1dbcd280eb50913d0e338add1de78f23038f	முருகப் பெருமான் விசாக நட்சத்திரத்தில் அவதாரம் செய்த போதிலும் கிருத்திகை நட்சத்திரத்திற்கு அதிகப் பெருமை ஏற்பட்டுவிட்டது.		2	0					ta	
a02a019ece0f9eab00a895ff110805192af8ee10d5c7c125b970fb972001a2ffff1a8e5c820ae35481a144a733573f52a9dff7030b71c3a7007c6949a1218f00	common_voice_ta_24990290.mp3	0ed2a5d7c9cb6b9a0477f569e579015e927439cdb06d493bab495adaddcb66bd	அப்படியின்றி இதை வாசிக்கும் நண்பர்கள், அப்படிப்பட்ட உதாரணத்தை எனக்கெடுத்துக் கூறுவார்களாயின், என் அபிப்பிராயத்தைத் திருத்திக் கொள்ளத் தடையில்லை.		3	0					ta	
a02a019ece0f9eab00a895ff110805192af8ee10d5c7c125b970fb972001a2ffff1a8e5c820ae35481a144a733573f52a9dff7030b71c3a7007c6949a1218f00	common_voice_ta_24990291.mp3	10b8b9748086b1da3344d82fb5c4afe9c90920b0564d870a334f0806c7e0f623	இன்றைய மனிதனை தோலுரித்துப் பார்த்தால் ஒரு அசல் காட்டு மிருகமாகவே காட்சி அளிப்பான்.		2	0					ta	
a02a019ece0f9eab00a895ff110805192af8ee10d5c7c125b970fb972001a2ffff1a8e5c820ae35481a144a733573f52a9dff7030b71c3a7007c6949a1218f00	common_voice_ta_24990292.mp3	0f80a4556d1495b788e413d65523ffb271b405a2f713aa2a258c746069943602	இந்தக் குழப்பமான நிலைக்குத் தான் இக்காலத்துப் போலி ஆசிரியர்கள் நம்மைக் கொண்டு விடுகிறார்கள்.		2	0					ta	
a02a019ece0f9eab00a895ff110805192af8ee10d5c7c125b970fb972001a2ffff1a8e5c820ae35481a144a733573f52a9dff7030b71c3a7007c6949a1218f00	common_voice_ta_24990293.mp3	0f9ac27fd9ef33e4fb5400df519c4c392643536a92458bd670aae2e0e999eb78	அவ்வழியாகச் சென்று கொண்டிருந்த இரண்டு வணிகர்கள் ஒரு தேவதையின் துண்டுதலால் அவருக்கு வணக்கம் செலுத்தி பிச்சையும் அளித்தனர்.		2	0					ta	
a02a019ece0f9eab00a895ff110805192af8ee10d5c7c125b970fb972001a2ffff1a8e5c820ae35481a144a733573f52a9dff7030b71c3a7007c6949a1218f00	common_voice_ta_24990294.mp3	106c109a74d82bccea198cd4bd60910abea9e87d31be61e85960dab624c51f1c	காலம் அறிதல் கோட்டானைக் காக்கை பகலில் வென்றுவிடுகிறது.		2	0					ta	
a20ffc1dcaff76e295416a5c79062b18f3d05bb5a6d6bad37c145d885601e9f456a0934a1edfe50311d2a6cef020afd10d0d203120b79ece47e5d484f90a2b31	common_voice_ta_25696181.mp3	32a951981060559ed13d3d34a076906de70f643bff42a00da1bc4171f407e3ab	அன்பினால் நிறைந்த இதயம் உள்ளவர்கள், சிரித்து மகிழ்ந்து வாழ்வார்கள்.		2	0					ta	
a20ffc1dcaff76e295416a5c79062b18f3d05bb5a6d6bad37c145d885601e9f456a0934a1edfe50311d2a6cef020afd10d0d203120b79ece47e5d484f90a2b31	common_voice_ta_25696184.mp3	3221db4fe89e6517e2f780e439f92b775701bb59dda93f2bd6a1cd3694ff530d	தனியாக வந்ததும் அப்படித்தான் இருக்கும். எல்லாம் தெரிஞ்சதுபோலத்தான்!		2	0					ta	
a20ffc1dcaff76e295416a5c79062b18f3d05bb5a6d6bad37c145d885601e9f456a0934a1edfe50311d2a6cef020afd10d0d203120b79ece47e5d484f90a2b31	common_voice_ta_25696188.mp3	31eec35a7e303bddb5a268bb9299ff3916c6e9116f1ac3c242e2989f7fe6c519	திருப்பத்தாழ்வாரச் சந்தனக் கல்லடியில், குருட்டு யோசனைகள் செய்துகொண்டு அவர் தாயார் படுத்திருப்பாள்.		3	0					ta	
a20ffc1dcaff76e295416a5c79062b18f3d05bb5a6d6bad37c145d885601e9f456a0934a1edfe50311d2a6cef020afd10d0d203120b79ece47e5d484f90a2b31	common_voice_ta_25696190.mp3	3269d74af0c216ee6f820377fcaaaa7ea1e9653381612da224fef7a35c846a57	முருகனும் அப்படியே செய்தான்.		2	0					ta	
a20ffc1dcaff76e295416a5c79062b18f3d05bb5a6d6bad37c145d885601e9f456a0934a1edfe50311d2a6cef020afd10d0d203120b79ece47e5d484f90a2b31	common_voice_ta_25696192.mp3	214ecbe3b9f9ce9a2cb2c40e61d92f82eba1248c0812551391fe9be62f705096	இந்த உண்மையை எத்தனையோ வருஷங்களுக்கு முன்னாலேயே நமது முன்னோர்கள் அறிந்திருக்கிறார்கள்.		3	0					ta	
a4cf88cef40c9cb51fc494dd47e3be1396bfe210a24cfdfdd8cbf48afc83635428d3bd1f3b54ac9cd5e92fe7ccefbd0ff6074b0cdcc187868ae513f6c80bc483	common_voice_ta_21302923.mp3	d71e94d99efdc4fd8df1f267cb7fa4b575874f7befc94c08d064ab31d577f41c	மேலும் உருக்கிடவே		2	1					ta	
a4cf88cef40c9cb51fc494dd47e3be1396bfe210a24cfdfdd8cbf48afc83635428d3bd1f3b54ac9cd5e92fe7ccefbd0ff6074b0cdcc187868ae513f6c80bc483	common_voice_ta_21302924.mp3	d601877d65a03608e2a2ec86a6ec66432e563920a62206b6137040bbd4e2181c	மகனைப் பெற்றெடுத்தல் மட்டும் தாயின் பணியல்ல.		2	0					ta	
a4cf88cef40c9cb51fc494dd47e3be1396bfe210a24cfdfdd8cbf48afc83635428d3bd1f3b54ac9cd5e92fe7ccefbd0ff6074b0cdcc187868ae513f6c80bc483	common_voice_ta_21302925.mp3	e4150ac142f5810f0a507118816e7fa84bef950373507ed27c555a8e9ac404a9	மனவெளியில் ஒளிசெய்தாள் என்னதகத் தகாயம்!		2	0					ta	
a4cf88cef40c9cb51fc494dd47e3be1396bfe210a24cfdfdd8cbf48afc83635428d3bd1f3b54ac9cd5e92fe7ccefbd0ff6074b0cdcc187868ae513f6c80bc483	common_voice_ta_21302926.mp3	bdbbcec24ef80c61e52d368425ae709fc24531837f57af9c52715fa11a982d62	குழம்புச் சட்டி கழுவப் பட்டதைத்		2	1					ta	
a4cf88cef40c9cb51fc494dd47e3be1396bfe210a24cfdfdd8cbf48afc83635428d3bd1f3b54ac9cd5e92fe7ccefbd0ff6074b0cdcc187868ae513f6c80bc483	common_voice_ta_21302927.mp3	67bebef076327bf6a0514f0a94cd365da2b164a815c15c5bf643feb8191fc5c0	யுஎன்குலம்ரு என்றுனைத் தன்னிடம் ஒட்டிய		2	1					ta	
a4da71c6cda43746d5d6f2ac43dd9ba1eab607b20eb91fe93f4ff26cec65ea0c2d1884af301440dcd44cb88c10af8402b0f55d287ee846b64d230f9396611fbb	common_voice_ta_25342301.mp3	c0c83899e838e96f837f9bcbc9474f9428b62c8fbb02c378da291ac30c97d14b	அது கால எல்லையைக் கடந்தது என்று சொல்லிவிட்டீர்கள்?		2	0					ta	
a4da71c6cda43746d5d6f2ac43dd9ba1eab607b20eb91fe93f4ff26cec65ea0c2d1884af301440dcd44cb88c10af8402b0f55d287ee846b64d230f9396611fbb	common_voice_ta_25342302.mp3	c1bf15d92b366fc4e9587dd5682e5d5944824d69e8ecca8e5634a067308301d6	செலவுக்குப் பணம் தேடுதல், பணத்துக்குச் செலவு தேடுதல் தேவைக்குப் பணம் தேடுதல்.		2	0					ta	
a4da71c6cda43746d5d6f2ac43dd9ba1eab607b20eb91fe93f4ff26cec65ea0c2d1884af301440dcd44cb88c10af8402b0f55d287ee846b64d230f9396611fbb	common_voice_ta_25342303.mp3	c16e8bbc48dc2a843c4a149b463c0f3e285b28754c2dcd553a91325082637f3c	அதை இங்கு எழுத எனக்கிஷ்டமில்லை.		2	0					ta	
a4da71c6cda43746d5d6f2ac43dd9ba1eab607b20eb91fe93f4ff26cec65ea0c2d1884af301440dcd44cb88c10af8402b0f55d287ee846b64d230f9396611fbb	common_voice_ta_25342304.mp3	c1de22b55c2857c3a66cd3022178802ae0ee80c0ec97dab55e8dd651da9abb91	ஊரில் கோயில் இருந்தால் அங்கே திருமகள் விலாசம் இருக்கும்.		2	0					ta	
a4da71c6cda43746d5d6f2ac43dd9ba1eab607b20eb91fe93f4ff26cec65ea0c2d1884af301440dcd44cb88c10af8402b0f55d287ee846b64d230f9396611fbb	common_voice_ta_25342305.mp3	c1f9c72b30237506b4bcbbdb0d647d5d934effaab9bbc0779f1f91126886a95f	ஒரு கார் வேகமாகப் போவதை வருணிக்கும்போது, பக்கத்தில் உள்ள சருகுகள் பறந்து ஓடின.		2	0					ta	
a530895f1207d42e8ff80739ec7a164a427efa8bcb860b96dda85bf6d4004149fbd07058a1a723933713b94b1b12d3f916ecce6633142740bdb05699f9ab24a7	common_voice_ta_24706178.mp3	3dda53899279be7ec3e9e23654e42863e8b725280d700e003e7486cc99097dfc	மாமுகில் உண்டு - பின்பு		2	1					ta	
a530895f1207d42e8ff80739ec7a164a427efa8bcb860b96dda85bf6d4004149fbd07058a1a723933713b94b1b12d3f916ecce6633142740bdb05699f9ab24a7	common_voice_ta_24706179.mp3	6c0ad50c105e4e8d45f314646c190cbb9b58d31f7167469273b0c502315050cc	பேதமிலா அறிவுடைய அவ்வுலகத் திற்குப்		3	2					ta	
a530895f1207d42e8ff80739ec7a164a427efa8bcb860b96dda85bf6d4004149fbd07058a1a723933713b94b1b12d3f916ecce6633142740bdb05699f9ab24a7	common_voice_ta_24706181.mp3	64deb66c181e4a5871e942f160c2397b7d5b694c0d4b1cb41bebcc1192f3d57d	வதையேபுரி குவதா?		2	0					ta	
a530895f1207d42e8ff80739ec7a164a427efa8bcb860b96dda85bf6d4004149fbd07058a1a723933713b94b1b12d3f916ecce6633142740bdb05699f9ab24a7	common_voice_ta_24706182.mp3	db8f0a525ee805828c091f9be4304798237e91129fdf8b18c64d2c3a67b7b869	றுடலினால் பலராய்க் காண்பார்;		4	3					ta	
a530895f1207d42e8ff80739ec7a164a427efa8bcb860b96dda85bf6d4004149fbd07058a1a723933713b94b1b12d3f916ecce6633142740bdb05699f9ab24a7	common_voice_ta_24706183.mp3	2e15ef39b6a24a209ebccc6bc5fb68dec80c7d3337d907a08e93f9a1589dd7a7	எண்ணி மகிழ்ந்தாள்! மண்ணாங் கட்டி!		2	0					ta	
ab7fc39b06d2d9b922d96438bb049cc485aa4984f22d985073509c0352a754191a3047bb005f8d15630f4501abaad37fba742fb36a87e99591c5a75ae4f0ff68	common_voice_ta_24814601.mp3	016903ca1677c86cd45ab012eb0a10b91cb25a2cc202966e24dbe02bd7f54b56	இவ்வன்னையைத் தாயுமானவர் வணங்கியிருக்கிறார், பாடியிருக்கிறார்.		2	0					ta	
ab7fc39b06d2d9b922d96438bb049cc485aa4984f22d985073509c0352a754191a3047bb005f8d15630f4501abaad37fba742fb36a87e99591c5a75ae4f0ff68	common_voice_ta_24814602.mp3	037aacd4a348f8fc17d3fee4ab363440f9529a5b3e0bcad7bf627310df6ff0bb	திருமால் மார்பில் அணிந்திருந்த மாலைபோல் மலையை அறுத்துச் செல்லும் பேரியாற்றங் கரையின் மணல் மேட்டின் மீது தங்கினான்.		2	0					ta	
ab7fc39b06d2d9b922d96438bb049cc485aa4984f22d985073509c0352a754191a3047bb005f8d15630f4501abaad37fba742fb36a87e99591c5a75ae4f0ff68	common_voice_ta_24814603.mp3	023d8c0666f01447e83d01807a5befacda06b725f60ca6c8c13921911d7202bf	நாங்கள் நாடகக் கம்பெனியில் சேர்ந்தோம்.		2	0					ta	
ab7fc39b06d2d9b922d96438bb049cc485aa4984f22d985073509c0352a754191a3047bb005f8d15630f4501abaad37fba742fb36a87e99591c5a75ae4f0ff68	common_voice_ta_24814604.mp3	007c2274ad377012f03d837a76328638d34131fb87abf57263c41df6d250167f	உரிமைப் பெண்ணானவள் குல வழக்கப்படி அவளுக்கென்று குறிப்பிடப்பட்ட மணமகனைவிட மிகவும் வயதில் முதிர்ந்தவளாக இருப்பதும் உண்டு.		2	0					ta	
ab7fc39b06d2d9b922d96438bb049cc485aa4984f22d985073509c0352a754191a3047bb005f8d15630f4501abaad37fba742fb36a87e99591c5a75ae4f0ff68	common_voice_ta_24814605.mp3	001e39b1120af6467920cb6dd16456c24728709ea4527237af807f07e1afa5e0	எனவே, தாயைப் போலவே, தண்ணீரையும் போற்றிக் காத்துப் பயன்படுத்திக் கொள்ள வேண்டும்.		2	0					ta	
ad217aed0780c6438f2c39113158c75e24b4568fe1c23228b91164b311bfc96ef8ffec26e8559c8a7b3d1d3fa4f3d4828fe564349b72f76b337b64343e812029	common_voice_ta_27649446.mp3	3e5a2b6395038408c52d0c0a1e6dc510e548a6b1004afa5479fb430418280deb	கிழவியோ ஆற்றைக் கடப்பதற்காகக் கரையிலே காத்திருந்தாள்.		2	0					ta	
ad217aed0780c6438f2c39113158c75e24b4568fe1c23228b91164b311bfc96ef8ffec26e8559c8a7b3d1d3fa4f3d4828fe564349b72f76b337b64343e812029	common_voice_ta_27649447.mp3	3ecd342af9046c87904ad1efcf3400780b0fdb4c312be379864537f40f73ae5b	எங்கள் தந்தையார் வாங்கிக்கொண்டு வந்து அன்போடு கொடுப்பார்.		2	0					ta	
ad217aed0780c6438f2c39113158c75e24b4568fe1c23228b91164b311bfc96ef8ffec26e8559c8a7b3d1d3fa4f3d4828fe564349b72f76b337b64343e812029	common_voice_ta_27649448.mp3	40284e541d0bbebe8529149d3d9b58f4dac985ac0551ea963c1f9cb06061ae82	பிறகு தந்தையார் இட்டளி வர வழைத்துக் கொடுத்தார்.		2	0					ta	
ad217aed0780c6438f2c39113158c75e24b4568fe1c23228b91164b311bfc96ef8ffec26e8559c8a7b3d1d3fa4f3d4828fe564349b72f76b337b64343e812029	common_voice_ta_27649449.mp3	3dd72fc3faf919ef9c0a5d18f455976e397e74ee01b3e7e5fd6066bec08d7bb2	அருவிகளும் சோலைகளும் உடைய மலை வளத்தைக் காண்போம் என்று முடிவு செய்தனர்.		2	0					ta	
ad217aed0780c6438f2c39113158c75e24b4568fe1c23228b91164b311bfc96ef8ffec26e8559c8a7b3d1d3fa4f3d4828fe564349b72f76b337b64343e812029	common_voice_ta_27649450.mp3	3e7509c0367b8fa27dbf0f9463a1ab85bc3cf043fbbcef248c89d2374f72048c	விரைவில் மணம் செய்துகொள்க என்று கூறினேன் என்றாள் தலைவி.		2	0					ta	
ad495cfba3019cae63024688a48251e527e903302fe9079a2b84ae6e68e1a598b37d3fd2c45b0f2d3101fc3b47de322e394468defabae1b6ae7e9e8544a32849	common_voice_ta_24538342.mp3	59e9eb4ef3713bc5b94892c88c373d1ce59d1db3b39e0688bf26cb2b2d6f1ca2	அது போல தவம் செய்வாரும் கொண்ட கொள்கையினை, வேட்கைகையினை, செயலினை நிறைவேற்றியே ஆக வேண்டும் என்று உறுதிமேற் கொண்டு		2	1					ta	
ad495cfba3019cae63024688a48251e527e903302fe9079a2b84ae6e68e1a598b37d3fd2c45b0f2d3101fc3b47de322e394468defabae1b6ae7e9e8544a32849	common_voice_ta_24538345.mp3	3a452220434823652d63cad17b6df8834a9b2c9c48bad8d0a15bd47efa8a8b07	வஞ்சியைப் பார்த்தனன் மீண்டும்அவன் - ஆ!		2	1					ta	
ad495cfba3019cae63024688a48251e527e903302fe9079a2b84ae6e68e1a598b37d3fd2c45b0f2d3101fc3b47de322e394468defabae1b6ae7e9e8544a32849	common_voice_ta_24538349.mp3	5e3bc6a5be728e9cf8ff63f38a07e787310daf985fc7b739da58f4c399c43f99	மூடத் தனத்தின் முடைநாற்றம் வீசுகின்ற		2	0					ta	
ad495cfba3019cae63024688a48251e527e903302fe9079a2b84ae6e68e1a598b37d3fd2c45b0f2d3101fc3b47de322e394468defabae1b6ae7e9e8544a32849	common_voice_ta_24538355.mp3	235e7e6b36fa5014a3fba992406bad3e10224979e57a5388941dba84b1275f3d	பிடிபட்டால், வாலை விரைவாக ஆட்டி பிடித்தவர் கவனத்தைச் சிதறச்செய்து, வாலை அறுத்துக்கோண்டு ஓடிவிடும்.		2	0					ta	
ad495cfba3019cae63024688a48251e527e903302fe9079a2b84ae6e68e1a598b37d3fd2c45b0f2d3101fc3b47de322e394468defabae1b6ae7e9e8544a32849	common_voice_ta_24538357.mp3	7265bb16b1195f321e39fbc4b9e1066398ea60d5d53477adf743dc1e6f13a5bf	புண்படைத்த என்நாடே, கைம்மைக்கூர்வேல்		3	0					ta	
ad98dd7ce185e1f714876b7c82f6624b46bea3b99aa4bffb338e04bbf4e032b42d56bf3aa5098a5a5896a70903a1bb38bfe4bdc8bd8de50f0b9b53be073e38e5	common_voice_ta_22024481.mp3	5a160a1f459b7b608f64590020416a9de18e1fb2c3619fa4a22f1702e149852a	இல்லை		2	0	twenties	male_masculine			ta	Benchmark
ad98dd7ce185e1f714876b7c82f6624b46bea3b99aa4bffb338e04bbf4e032b42d56bf3aa5098a5a5896a70903a1bb38bfe4bdc8bd8de50f0b9b53be073e38e5	common_voice_ta_22024485.mp3	2aadc18a15b9ce1ea0c59826512c07a6fd1bcb008c1bab67edd1dae5fe128900	ஆறு		2	0	twenties	male_masculine			ta	Benchmark
adc9ed9fc1c79adf960fbd280d18ec76fca8dcfd36c06d89864df850fa64ace18b4fdac6509fc4c680fbd9b9623fd44582a09d4029ba5a60eca731da4d5cf09d	common_voice_ta_19329184.mp3	13b4e5ccf69143012eef01fb2bd2a45a78df5ee19dfa14cc41d26af8c8197dc8	தமிழர் வாழ்வை மயக்கிடு 'மாயை' அகன்றிட		2	0					ta	
adc9ed9fc1c79adf960fbd280d18ec76fca8dcfd36c06d89864df850fa64ace18b4fdac6509fc4c680fbd9b9623fd44582a09d4029ba5a60eca731da4d5cf09d	common_voice_ta_19329185.mp3	4d4c73ad3d46ca4e0a5a750a8ba65667487788d46ffafa7ce4970494ff59e8db	தானமது விரும்பு.		2	1					ta	
adc9ed9fc1c79adf960fbd280d18ec76fca8dcfd36c06d89864df850fa64ace18b4fdac6509fc4c680fbd9b9623fd44582a09d4029ba5a60eca731da4d5cf09d	common_voice_ta_19329186.mp3	3d1763f0e9034135a7cd0e2f5069fbd7e099334a0a11dea85c71a1167617e2a7	இவ்வுலக மக்களிலே என்னபே தங்கண்டாய்?		2	0					ta	
adc9ed9fc1c79adf960fbd280d18ec76fca8dcfd36c06d89864df850fa64ace18b4fdac6509fc4c680fbd9b9623fd44582a09d4029ba5a60eca731da4d5cf09d	common_voice_ta_19329187.mp3	5c95b0c69f77da1621461c447c650d9b52977e483b9308625cfc846bc4192d13	அவையினிலே அசைவில்லை பேச்சு மில்லை;		2	0					ta	
adc9ed9fc1c79adf960fbd280d18ec76fca8dcfd36c06d89864df850fa64ace18b4fdac6509fc4c680fbd9b9623fd44582a09d4029ba5a60eca731da4d5cf09d	common_voice_ta_19329188.mp3	39e3f74a3421c2c1d4e5b1621815d0af60512eb65e26282ea74bd227353acb62	பாலைக் காய்ச்சிப் பருகலாம் என்றாள்.		2	0					ta	
af3fc78875219cc84571fbff5baee21482d12d40f250ae854b13a9e236e483048729f8301643941e9821a4ee2637180ef544bda410b085f22580ca35cdccc3d6	common_voice_ta_24539486.mp3	740d6102c6406c161cde1b597cad45330ae3bce31ac0e2a5194764e8bb07738d	அழைக்கின் றேன்என் றறைந்தாள் சங்கிலி!",common_voice_ta_19136945.mp3
common_voice_ta_19137384.wav,சோற்றில் ஏதோ சுவை குறைவுற்றது,common_voice_ta_19137384.mp3
common_voice_ta_19137385.wav,ஓடிவந்து சேர்ந்தான். அவனைத் தொடர்ந்து கிழவரும்,common_voice_ta_19137385.mp3
common_voice_ta_19137386.wav,"மங்கையே, ராமனருள் வாய்ந்தவனாம்; வானமட்டும்		2	0					ta	
3d24b58aa0e5b94252b2ba4dd2b850798a084e1fe1142c30efb8961ed899172d199b7a0ae97b7f2a710267c46aeb26cd8c5f4a7073d6d008a690fc4dc00a8b8e	common_voice_ta_19137387.mp3	252cf54d9042ca2a06c0034b63386dd880b7ba02a8263b8f12b7fd80fe858f44	மேலிருக்கும் போதே வெடுக்கென்று தூக்கிடுவான்.		2	0					ta	
3d24b58aa0e5b94252b2ba4dd2b850798a084e1fe1142c30efb8961ed899172d199b7a0ae97b7f2a710267c46aeb26cd8c5f4a7073d6d008a690fc4dc00a8b8e	common_voice_ta_19137388.mp3	0b2c926f62556b3033f7dd8a65f1902598b6636f1b7020078776ba54d95422a9	விளையாட நின்றிருந்தாள் மயிலைப் போல!		2	0					ta	
3de82721a1a4445c009426e9baea4d8810fa1678cea924fba5d0b5bf690d4c95e0b59d033136a31ba4cc8c34fb07a1617bb3722cde088dea161b3501368564d6	common_voice_ta_22119939.mp3	d241f3787a12bf3c7d8f9179588f0862b8a32a592a4199a08fe613484c148e09	ஃபயர்ஃபாக்ஸ்		2	1					ta	Benchmark
3f3e231c22b76faab6d9ef425f5a3a816900dc2a02c2902cef23ab14e2945abf13a4ae4de2802a1b84a71a429c0cfb145eda1f86f24a7da031a58ba32e7d475d	common_voice_ta_25729860.mp3	2fb42660a9c659dbc4763ca8f29e65ff6d018d7c650f7a1eb3eb305be3664da3	மேடை ஏறி விடலாம் ஆனால் அதில் மேன்மை பெற வேண்டும்.		2	1					ta	
3f3e231c22b76faab6d9ef425f5a3a816900dc2a02c2902cef23ab14e2945abf13a4ae4de2802a1b84a71a429c0cfb145eda1f86f24a7da031a58ba32e7d475d	common_voice_ta_25729861.mp3	300c27f61ee38253de5eec396409b9f6872c9d484180bd3e98fb0520d14fe6d9	என்ன அற்புதமான சாரீரம்!		2	0					ta	
3f3e231c22b76faab6d9ef425f5a3a816900dc2a02c2902cef23ab14e2945abf13a4ae4de2802a1b84a71a429c0cfb145eda1f86f24a7da031a58ba32e7d475d	common_voice_ta_25729862.mp3	3552707d5a8e6a508de5f273a8d8a3ba9f507f1caa3746fef773160c2e7d81d7	அவர்களால் நன்மையும், சிறப்பும், உயர்வும் கிடைக்கின்றன.		4	0					ta	
3f3e231c22b76faab6d9ef425f5a3a816900dc2a02c2902cef23ab14e2945abf13a4ae4de2802a1b84a71a429c0cfb145eda1f86f24a7da031a58ba32e7d475d	common_voice_ta_25729863.mp3	317d5c89a3ebf12a16c79730285b7908dd1c1a450b32d12c621f9386e808ce28	எனக்கேதாவது வேண்டியிருந்தால், என்னைப் படைத்த ஈசனை வேண்டுவேனே யொழிய அவர் படைத்த மக்களை யாசியேன்.		3	0					ta	
3f3e231c22b76faab6d9ef425f5a3a816900dc2a02c2902cef23ab14e2945abf13a4ae4de2802a1b84a71a429c0cfb145eda1f86f24a7da031a58ba32e7d475d	common_voice_ta_25729864.mp3	3172b97d25b24b779610d210bdcbf9a95e1f7992900929c620a00b71ead7ec6a	விரைவில் கூறுக என்று மேலும் பதறினாள்.		3	0					ta	
3fd3026ea3fd460fcf1c2c89804a0c3c74077e6cc510c671cb430af76a18c3bfea74776cfd06137adeecaa3de8d46b9a36147ccbc613ed939f2dcc6c41a1d7b0	common_voice_ta_21277339.mp3	926f16387ad725599850733460fdb1bd68b1805ac40c4ec53804b1f7c0144a69	இன்சொலால் ஈரம் அளைஇப் படிறிலவாம் செம்பொருள் கண்டார்வாய்ச் சொல்.		2	1					ta	
3fd3026ea3fd460fcf1c2c89804a0c3c74077e6cc510c671cb430af76a18c3bfea74776cfd06137adeecaa3de8d46b9a36147ccbc613ed939f2dcc6c41a1d7b0	common_voice_ta_21277340.mp3	568add54d0d277b29c840239546f424f797b73990959cb6c6a353d1dc7715a12	என்றனமூட வழக்க மெலாம் - தலை		2	1					ta	
3fd3026ea3fd460fcf1c2c89804a0c3c74077e6cc510c671cb430af76a18c3bfea74776cfd06137adeecaa3de8d46b9a36147ccbc613ed939f2dcc6c41a1d7b0	common_voice_ta_21277341.mp3	1006fb69ab4cef034907279b1b3138271bda6b3f49ba3ea333280d8709574281	கடவுள் நிகர் தம்பிரான்கள் - ஜீயர்		2	1					ta	
3fd3026ea3fd460fcf1c2c89804a0c3c74077e6cc510c671cb430af76a18c3bfea74776cfd06137adeecaa3de8d46b9a36147ccbc613ed939f2dcc6c41a1d7b0	common_voice_ta_21277342.mp3	2291da08168396e223e7fb1f0e33b8e791850ba6fe4099f0c40a38e3825cf49f	பார்த்தன் முதற்பலர் வாழ்ந்தநன் னாட்டார்		2	0					ta	
3fd3026ea3fd460fcf1c2c89804a0c3c74077e6cc510c671cb430af76a18c3bfea74776cfd06137adeecaa3de8d46b9a36147ccbc613ed939f2dcc6c41a1d7b0	common_voice_ta_21277343.mp3	80e0c2a4ee2a86de768bed30a3031cb9876abf58de3771821146a805b9413c0c	எனைத்திட்பம் எய்தியக் கண்ணும், வினைத்திட்பம் வேண்டாரை, வேண்டாது உலகு.		2	0					ta	
4399802a7c14bc0b12f257ad163199c87940c5a4f55fc72cdc07c00e1c7197af54784f53437704e902a28ca9b569166b67ee03187ff55c4421cabdf0f9003e1b	common_voice_ta_21701539.mp3	44ae4652d3823c2b8e04d729023133349996b915857341c95d7bc0374ccd9da4	என்றுதன் அண்ண னிடத்திற் கூறினாள்.		2	0	thirties	male_masculine			ta	
4399802a7c14bc0b12f257ad163199c87940c5a4f55fc72cdc07c00e1c7197af54784f53437704e902a28ca9b569166b67ee03187ff55c4421cabdf0f9003e1b	common_voice_ta_21701540.mp3	f53423d7b2d56b28fad0f10d02477f9e0ef7611990aecc1fc81e09b84cb5505a	உண்டென்றால், அத்தேசம் ஒழிதல் நன்றாம்!		2	0	thirties	male_masculine			ta	
4399802a7c14bc0b12f257ad163199c87940c5a4f55fc72cdc07c00e1c7197af54784f53437704e902a28ca9b569166b67ee03187ff55c4421cabdf0f9003e1b	common_voice_ta_21701541.mp3	52e0ab650f72ebc572b2d300dcbf7a790ab3171f3b00f73051ee95a5d0d21339	செம்மை நிலையறியோம் - பெண்களின்		2	0	thirties	male_masculine			ta	
4399802a7c14bc0b12f257ad163199c87940c5a4f55fc72cdc07c00e1c7197af54784f53437704e902a28ca9b569166b67ee03187ff55c4421cabdf0f9003e1b	common_voice_ta_21701546.mp3	502f8a15f2af0e787eaa8410b96cff5c93ebe6033e3fc8ffcfa24473e9315607	ஏனிங்கு நின்றீர்? எடுத்துவரு வீர்மலையை",common_voice_ta_19137386.mp3
common_voice_ta_19137807.wav,"தீயினால் சுட்ட புண் உள்ளாறும்; ஆறாதே, நாவினால் சுட்ட வடு.",common_voice_ta_19137807.mp3
